{
    "R2 Score": 0.8538595081373218,
    "MAE": 4.538105554904997,
    "RMSE": 5.9633542126119865
}